{"errors":[],"warnings":[],"namedChunkGroups":{"app":{"chunks":[10,0,2],"assets":["webpack-runtime-c18e14cc5d599bf48458.js","webpack-runtime-c18e14cc5d599bf48458.js.map","commons-e11874c2ae4fd94cd0de.js","commons-e11874c2ae4fd94cd0de.js.map","app-03d9660b878600376ff9.js","app-03d9660b878600376ff9.js.map"],"children":{},"childAssets":{}},"component---src-templates-page-js":{"chunks":[1,0,7],"assets":["styles.b8cd68584125ed0f0280.css","styles-640cb01c5d0cf6e2b049.js","styles-640cb01c5d0cf6e2b049.js.map","commons-e11874c2ae4fd94cd0de.js","commons-e11874c2ae4fd94cd0de.js.map","component---src-templates-page-js-1ff78341d819a46860ff.js","component---src-templates-page-js-1ff78341d819a46860ff.js.map"],"children":{},"childAssets":{}},"component---src-templates-post-js":{"chunks":[1,0,8],"assets":["styles.b8cd68584125ed0f0280.css","styles-640cb01c5d0cf6e2b049.js","styles-640cb01c5d0cf6e2b049.js.map","commons-e11874c2ae4fd94cd0de.js","commons-e11874c2ae4fd94cd0de.js.map","component---src-templates-post-js-0ce8f2c9113528c73e90.js","component---src-templates-post-js-0ce8f2c9113528c73e90.js.map"],"children":{},"childAssets":{}},"component---src-templates-blog-js":{"chunks":[1,0,5],"assets":["styles.b8cd68584125ed0f0280.css","styles-640cb01c5d0cf6e2b049.js","styles-640cb01c5d0cf6e2b049.js.map","commons-e11874c2ae4fd94cd0de.js","commons-e11874c2ae4fd94cd0de.js.map","component---src-templates-blog-js-e446b6f7296b3f9fba9a.js","component---src-templates-blog-js-e446b6f7296b3f9fba9a.js.map"],"children":{},"childAssets":{}},"component---src-templates-category-js":{"chunks":[1,0,6],"assets":["styles.b8cd68584125ed0f0280.css","styles-640cb01c5d0cf6e2b049.js","styles-640cb01c5d0cf6e2b049.js.map","commons-e11874c2ae4fd94cd0de.js","commons-e11874c2ae4fd94cd0de.js.map","component---src-templates-category-js-b1186892becf1c0a01a9.js","component---src-templates-category-js-b1186892becf1c0a01a9.js.map"],"children":{},"childAssets":{}},"component---src-templates-tag-js":{"chunks":[1,0,9],"assets":["styles.b8cd68584125ed0f0280.css","styles-640cb01c5d0cf6e2b049.js","styles-640cb01c5d0cf6e2b049.js.map","commons-e11874c2ae4fd94cd0de.js","commons-e11874c2ae4fd94cd0de.js.map","component---src-templates-tag-js-7f43f410d2031516e419.js","component---src-templates-tag-js-7f43f410d2031516e419.js.map"],"children":{},"childAssets":{}},"component---src-templates-author-js":{"chunks":[1,0,4],"assets":["styles.b8cd68584125ed0f0280.css","styles-640cb01c5d0cf6e2b049.js","styles-640cb01c5d0cf6e2b049.js.map","commons-e11874c2ae4fd94cd0de.js","commons-e11874c2ae4fd94cd0de.js.map","component---src-templates-author-js-a815332b1352bfb25fab.js","component---src-templates-author-js-a815332b1352bfb25fab.js.map"],"children":{},"childAssets":{}},"component---src-pages-404-js":{"chunks":[1,0,3],"assets":["styles.b8cd68584125ed0f0280.css","styles-640cb01c5d0cf6e2b049.js","styles-640cb01c5d0cf6e2b049.js.map","commons-e11874c2ae4fd94cd0de.js","commons-e11874c2ae4fd94cd0de.js.map","component---src-pages-404-js-6035e7a47c109103c959.js","component---src-pages-404-js-6035e7a47c109103c959.js.map"],"children":{},"childAssets":{}}},"assetsByChunkName":{"app":["webpack-runtime-c18e14cc5d599bf48458.js","commons-e11874c2ae4fd94cd0de.js","app-03d9660b878600376ff9.js"],"component---src-templates-page-js":["styles.b8cd68584125ed0f0280.css","styles-640cb01c5d0cf6e2b049.js","commons-e11874c2ae4fd94cd0de.js","component---src-templates-page-js-1ff78341d819a46860ff.js"],"component---src-templates-post-js":["styles.b8cd68584125ed0f0280.css","styles-640cb01c5d0cf6e2b049.js","commons-e11874c2ae4fd94cd0de.js","component---src-templates-post-js-0ce8f2c9113528c73e90.js"],"component---src-templates-blog-js":["styles.b8cd68584125ed0f0280.css","styles-640cb01c5d0cf6e2b049.js","commons-e11874c2ae4fd94cd0de.js","component---src-templates-blog-js-e446b6f7296b3f9fba9a.js"],"component---src-templates-category-js":["styles.b8cd68584125ed0f0280.css","styles-640cb01c5d0cf6e2b049.js","commons-e11874c2ae4fd94cd0de.js","component---src-templates-category-js-b1186892becf1c0a01a9.js"],"component---src-templates-tag-js":["styles.b8cd68584125ed0f0280.css","styles-640cb01c5d0cf6e2b049.js","commons-e11874c2ae4fd94cd0de.js","component---src-templates-tag-js-7f43f410d2031516e419.js"],"component---src-templates-author-js":["styles.b8cd68584125ed0f0280.css","styles-640cb01c5d0cf6e2b049.js","commons-e11874c2ae4fd94cd0de.js","component---src-templates-author-js-a815332b1352bfb25fab.js"],"component---src-pages-404-js":["styles.b8cd68584125ed0f0280.css","styles-640cb01c5d0cf6e2b049.js","commons-e11874c2ae4fd94cd0de.js","component---src-pages-404-js-6035e7a47c109103c959.js"]}}